user_id,user_code,company_id,full_name,email,role,join_date,last_login,user_status
1,USR0001,1,Vivaan Sharma,vivaan.sharma1@projectflow.com,Designer,2024-11-20,2026-02-05 23:06:00,Active
2,USR0002,1,Kavya Sharma,kavya.sharma2@projectflow.com,Developer,2024-08-03,2026-01-03 06:14:00,Active
3,USR0003,1,Aarav Verma,aarav.verma3@projectflow.com,Developer,2025-04-23,2026-04-08 14:37:00,Active
4,USR0004,1,Aarav Patel,aarav.patel4@projectflow.com,Developer,2025-01-08,2026-03-05 06:48:00,Active
5,USR0005,1,Vivaan Mehta,vivaan.mehta5@projectflow.com,Project Manager,2025-01-10,2026-05-09 01:46:00,Active
6,USR0006,1,Vivaan Mehta,vivaan.mehta6@projectflow.com,Project Manager,2024-12-15,2026-07-21 19:56:00,Active
7,USR0007,1,Neha Patel,neha.patel7@projectflow.com,Developer,2024-08-10,2026-06-08 09:05:00,Active
8,USR0008,1,Vivaan Mehta,vivaan.mehta8@projectflow.com,Developer,2025-01-20,2026-02-12 11:13:00,Active
9,USR0009,1,Vivaan Verma,vivaan.verma9@projectflow.com,Developer,2025-04-17,2026-06-08 05:29:00,Active
10,USR0010,1,Kavya Patel,kavya.patel10@projectflow.com,Developer,2024-08-15,2026-02-27 01:51:00,Active
11,USR0011,1,Samir Sharma,samir.sharma11@projectflow.com,Developer,2025-05-04,2026-06-11 06:41:00,Active
12,USR0012,1,Ananya Patel,ananya.patel12@projectflow.com,Developer,2024-11-21,2026-06-18 17:16:00,Active
13,USR0013,1,Sneha Verma,sneha.verma13@projectflow.com,Developer,2024-11-07,2026-02-17 15:05:00,Active
14,USR0014,1,Vivaan Patel,vivaan.patel14@projectflow.com,Developer,2025-02-19,2026-05-03 12:24:00,Active
15,USR0015,1,Ananya Verma,ananya.verma15@projectflow.com,Developer,2025-04-27,2026-07-01 21:46:00,Active
16,USR0016,1,Kavya Singh,kavya.singh16@projectflow.com,Designer,2025-01-08,2026-01-10 13:10:00,Active
17,USR0017,1,Samir Verma,samir.verma17@projectflow.com,Designer,2025-04-03,2026-01-28 20:19:00,Active
18,USR0018,1,Kavya Verma,kavya.verma18@projectflow.com,Developer,2025-01-25,2026-07-06 17:49:00,Active
19,USR0019,1,Aarav Verma,aarav.verma19@projectflow.com,Developer,2024-07-27,2026-01-12 09:15:00,Active
20,USR0020,1,Neha Sharma,neha.sharma20@projectflow.com,Project Manager,2025-03-23,2026-07-03 17:49:00,Active
21,USR0021,1,Ananya Verma,ananya.verma21@projectflow.com,Developer,2025-04-14,2026-07-20 13:13:00,Active
22,USR0022,1,Rahul Shah,rahul.shah22@projectflow.com,Developer,2025-01-25,2026-04-17 14:07:00,Active
23,USR0023,1,Vivaan Singh,vivaan.singh23@projectflow.com,Owner,2025-04-27,2026-02-19 07:00:00,Active
24,USR0024,1,Aarav Patel,aarav.patel24@projectflow.com,Project Manager,2024-08-03,2026-07-11 02:32:00,Active
25,USR0025,1,Ananya Patel,ananya.patel25@projectflow.com,Developer,2025-05-06,2026-05-16 07:50:00,Active
26,USR0026,1,Sneha Patel,sneha.patel26@projectflow.com,Project Manager,2025-02-23,2026-03-14 13:29:00,Active
27,USR0027,1,Aarav Shah,aarav.shah27@projectflow.com,Developer,2024-09-06,2026-01-13 23:21:00,Active
28,USR0028,1,Vivaan Patel,vivaan.patel28@projectflow.com,Developer,2025-04-18,2026-04-05 13:11:00,Active
29,USR0029,1,Rahul Sharma,rahul.sharma29@projectflow.com,Developer,2025-04-25,2026-01-02 20:34:00,Active
30,USR0030,1,Vivaan Patel,vivaan.patel30@projectflow.com,Developer,2025-03-23,2026-04-07 12:57:00,Active
31,USR0031,1,Sneha Sharma,sneha.sharma31@projectflow.com,QA,2024-11-30,2026-07-26 14:18:00,Active
32,USR0032,1,Kavya Shah,kavya.shah32@projectflow.com,Developer,2024-10-05,2026-02-10 06:03:00,Active
33,USR0033,1,Kavya Sharma,kavya.sharma33@projectflow.com,Designer,2024-08-16,2026-01-19 15:32:00,Active
34,USR0034,1,Kavya Patel,kavya.patel34@projectflow.com,Project Manager,2025-04-04,2026-01-28 05:04:00,Active
35,USR0035,1,Rahul Mehta,rahul.mehta35@projectflow.com,Project Manager,2025-05-05,2026-02-19 19:02:00,Active
36,USR0036,1,Sneha Shah,sneha.shah36@projectflow.com,Developer,2025-04-11,2026-03-09 06:42:00,Active
37,USR0037,1,Rahul Singh,rahul.singh37@projectflow.com,Developer,2024-12-18,2026-04-11 02:00:00,Active
38,USR0038,1,Neha Sharma,neha.sharma38@projectflow.com,Project Manager,2024-11-04,2026-05-09 04:59:00,Active
39,USR0039,1,Vivaan Patel,vivaan.patel39@projectflow.com,Developer,2024-10-06,2026-04-27 17:45:00,Active
40,USR0040,1,Kavya Sharma,kavya.sharma40@projectflow.com,Developer,2025-04-27,2026-03-22 03:56:00,Active
41,USR0041,1,Vivaan Sharma,vivaan.sharma41@projectflow.com,Designer,2024-10-05,2026-03-10 19:13:00,Active
42,USR0042,1,Rahul Shah,rahul.shah42@projectflow.com,Developer,2024-11-30,2026-05-16 08:57:00,Active
43,USR0043,1,Aarav Sharma,aarav.sharma43@projectflow.com,Developer,2024-12-06,2026-01-01 10:49:00,Active
44,USR0044,1,Samir Patel,samir.patel44@projectflow.com,Designer,2025-04-26,2026-06-14 17:00:00,Active
45,USR0045,1,Aditya Verma,aditya.verma45@projectflow.com,Project Manager,2025-01-23,2026-05-18 04:27:00,Active
46,USR0046,1,Samir Singh,samir.singh46@projectflow.com,QA,2024-08-07,2026-03-07 21:15:00,Active
47,USR0047,1,Priya Verma,priya.verma47@projectflow.com,QA,2025-02-11,2026-05-24 04:59:00,Active
48,USR0048,1,Aditya Patel,aditya.patel48@projectflow.com,QA,2024-07-30,2026-02-24 10:50:00,Active
49,USR0049,1,Rahul Singh,rahul.singh49@projectflow.com,Developer,2024-09-11,2026-04-28 01:54:00,Active
50,USR0050,1,Rahul Mehta,rahul.mehta50@projectflow.com,Developer,2024-11-11,2026-02-01 21:12:00,Active
51,USR0051,1,Samir Sharma,samir.sharma51@projectflow.com,QA,2024-12-07,2026-03-21 16:25:00,Active
52,USR0052,1,Kavya Singh,kavya.singh52@projectflow.com,QA,2024-09-15,2026-03-06 18:16:00,Active
53,USR0053,1,Neha Mehta,neha.mehta53@projectflow.com,Developer,2024-12-25,2026-04-20 16:07:00,Active
54,USR0054,1,Neha Patel,neha.patel54@projectflow.com,Developer,2025-02-26,2026-01-17 17:43:00,Active
55,USR0055,1,Rahul Singh,rahul.singh55@projectflow.com,Developer,2025-01-03,2026-05-11 21:54:00,Active
56,USR0056,1,Samir Verma,samir.verma56@projectflow.com,Developer,2025-02-12,2026-03-13 22:18:00,Active
57,USR0057,1,Rahul Mehta,rahul.mehta57@projectflow.com,Developer,2025-01-28,2026-06-24 05:39:00,Active
58,USR0058,1,Sneha Verma,sneha.verma58@projectflow.com,Designer,2024-12-20,2026-03-07 13:50:00,Active
59,USR0059,1,Priya Mehta,priya.mehta59@projectflow.com,Developer,2024-11-04,2026-05-16 23:10:00,Active
60,USR0060,1,Samir Verma,samir.verma60@projectflow.com,Developer,2025-01-05,2026-01-27 07:43:00,Active
61,USR0061,2,Aditya Sharma,aditya.sharma61@projectflow.com,Project Manager,2024-02-27,2026-05-28 02:29:00,Active
62,USR0062,2,Neha Patel,neha.patel62@projectflow.com,Developer,2024-01-11,2026-04-13 07:09:00,Active
63,USR0063,2,Aarav Sharma,aarav.sharma63@projectflow.com,Designer,2023-10-19,2026-02-26 22:33:00,Active
64,USR0064,2,Kavya Patel,kavya.patel64@projectflow.com,QA,2023-08-30,2026-04-05 14:42:00,Active
65,USR0065,2,Kavya Verma,kavya.verma65@projectflow.com,Developer,2024-02-10,2026-05-27 23:57:00,Active
66,USR0066,2,Kavya Mehta,kavya.mehta66@projectflow.com,QA,2024-02-27,2026-04-09 07:53:00,Active
67,USR0067,2,Kavya Mehta,kavya.mehta67@projectflow.com,Developer,2023-11-16,2026-04-03 22:18:00,Active
68,USR0068,2,Priya Singh,priya.singh68@projectflow.com,QA,2023-08-09,2026-02-05 07:24:00,Active
69,USR0069,2,Rahul Sharma,rahul.sharma69@projectflow.com,Developer,2023-12-15,2026-05-15 13:03:00,Active
70,USR0070,2,Sneha Mehta,sneha.mehta70@projectflow.com,QA,2024-04-23,2026-06-01 18:24:00,Active
71,USR0071,2,Priya Singh,priya.singh71@projectflow.com,Designer,2024-01-29,2026-05-24 23:34:00,Active
72,USR0072,2,Rahul Mehta,rahul.mehta72@projectflow.com,Developer,2024-02-07,2026-04-01 12:21:00,Active
73,USR0073,2,Sneha Shah,sneha.shah73@projectflow.com,Developer,2024-02-23,2026-02-20 17:01:00,Active
74,USR0074,2,Neha Verma,neha.verma74@projectflow.com,Developer,2023-08-10,2026-06-14 04:55:00,Active
75,USR0075,2,Aarav Singh,aarav.singh75@projectflow.com,Developer,2023-10-15,2026-04-11 10:48:00,Active
76,USR0076,2,Samir Mehta,samir.mehta76@projectflow.com,Developer,2023-08-09,2026-04-01 23:34:00,Active
77,USR0077,2,Priya Patel,priya.patel77@projectflow.com,Developer,2023-07-19,2026-07-01 07:12:00,Active
78,USR0078,2,Neha Patel,neha.patel78@projectflow.com,Developer,2024-02-26,2026-06-04 18:13:00,Active
79,USR0079,2,Samir Singh,samir.singh79@projectflow.com,Developer,2023-08-26,2026-07-27 05:19:00,Active
80,USR0080,2,Aarav Singh,aarav.singh80@projectflow.com,Developer,2024-01-07,2026-04-23 06:04:00,Active
81,USR0081,2,Rahul Sharma,rahul.sharma81@projectflow.com,Developer,2023-11-30,2026-07-22 19:51:00,Active
82,USR0082,2,Neha Sharma,neha.sharma82@projectflow.com,Developer,2024-02-03,2026-06-12 02:32:00,Active
83,USR0083,2,Aarav Mehta,aarav.mehta83@projectflow.com,Designer,2023-08-22,2026-04-12 20:57:00,Active
84,USR0084,2,Aditya Mehta,aditya.mehta84@projectflow.com,Developer,2024-03-22,2026-06-09 19:51:00,Active
85,USR0085,2,Ananya Mehta,ananya.mehta85@projectflow.com,Developer,2023-11-13,2026-03-28 07:53:00,Active
86,USR0086,2,Samir Mehta,samir.mehta86@projectflow.com,Developer,2024-02-21,2026-05-20 21:24:00,Active
87,USR0087,2,Ananya Singh,ananya.singh87@projectflow.com,Developer,2023-10-15,2026-03-26 08:21:00,Active
88,USR0088,2,Neha Shah,neha.shah88@projectflow.com,QA,2024-04-08,2026-01-17 06:05:00,Active
89,USR0089,2,Sneha Mehta,sneha.mehta89@projectflow.com,Developer,2023-10-30,2026-06-16 20:45:00,Active
90,USR0090,2,Aarav Sharma,aarav.sharma90@projectflow.com,Developer,2024-01-22,2026-06-08 09:42:00,Active
91,USR0091,2,Ananya Verma,ananya.verma91@projectflow.com,Developer,2024-02-01,2026-06-18 10:22:00,Active
92,USR0092,2,Samir Singh,samir.singh92@projectflow.com,Developer,2023-08-29,2026-06-07 10:07:00,Active
93,USR0093,3,Rahul Patel,rahul.patel93@projectflow.com,Designer,2024-08-12,2026-06-19 16:38:00,Active
94,USR0094,3,Vivaan Patel,vivaan.patel94@projectflow.com,Developer,2024-09-24,2026-02-10 00:45:00,Active
95,USR0095,3,Samir Sharma,samir.sharma95@projectflow.com,QA,2025-01-01,2026-03-23 04:40:00,Active
96,USR0096,3,Ananya Sharma,ananya.sharma96@projectflow.com,Designer,2025-01-11,2026-03-16 15:28:00,Active
97,USR0097,3,Aarav Singh,aarav.singh97@projectflow.com,QA,2024-11-23,2026-01-27 02:25:00,Active
98,USR0098,3,Neha Shah,neha.shah98@projectflow.com,Developer,2024-06-09,2026-02-26 18:19:00,Active
99,USR0099,3,Rahul Sharma,rahul.sharma99@projectflow.com,Developer,2024-10-23,2026-05-20 19:14:00,Active
100,USR0100,3,Sneha Mehta,sneha.mehta100@projectflow.com,QA,2024-08-23,2026-07-19 13:19:00,Active
101,USR0101,3,Aarav Verma,aarav.verma101@projectflow.com,QA,2024-05-13,2026-07-07 20:13:00,Active
102,USR0102,3,Vivaan Patel,vivaan.patel102@projectflow.com,Developer,2024-12-31,2026-01-06 00:26:00,Active
103,USR0103,3,Neha Mehta,neha.mehta103@projectflow.com,Developer,2024-07-20,2026-03-23 09:44:00,Active
104,USR0104,3,Vivaan Shah,vivaan.shah104@projectflow.com,Developer,2024-08-06,2026-07-26 20:37:00,Active
105,USR0105,3,Rahul Mehta,rahul.mehta105@projectflow.com,Project Manager,2024-07-17,2026-06-05 08:52:00,Active
106,USR0106,3,Aarav Patel,aarav.patel106@projectflow.com,Designer,2025-01-09,2026-03-15 03:29:00,Active
107,USR0107,3,Sneha Singh,sneha.singh107@projectflow.com,Developer,2024-12-01,2026-04-03 19:02:00,Active
108,USR0108,3,Priya Verma,priya.verma108@projectflow.com,Developer,2024-05-09,2026-02-22 18:37:00,Inactive
109,USR0109,3,Samir Verma,samir.verma109@projectflow.com,Project Manager,2024-06-21,2026-04-17 20:28:00,Active
110,USR0110,3,Aditya Verma,aditya.verma110@projectflow.com,Developer,2024-11-30,2026-01-16 11:26:00,Active
111,USR0111,3,Vivaan Patel,vivaan.patel111@projectflow.com,Developer,2024-12-02,2026-03-22 12:52:00,Active
112,USR0112,3,Aarav Mehta,aarav.mehta112@projectflow.com,Project Manager,2024-07-31,2026-03-04 12:55:00,Active
113,USR0113,3,Aarav Shah,aarav.shah113@projectflow.com,Designer,2024-11-15,2026-04-02 06:33:00,Active
114,USR0114,3,Ananya Shah,ananya.shah114@projectflow.com,Developer,2024-04-19,2026-02-09 17:08:00,Active
115,USR0115,3,Ananya Shah,ananya.shah115@projectflow.com,Developer,2024-04-07,2026-06-20 07:45:00,Active
116,USR0116,3,Kavya Sharma,kavya.sharma116@projectflow.com,Developer,2024-05-10,2026-02-27 03:29:00,Active
117,USR0117,3,Aditya Mehta,aditya.mehta117@projectflow.com,QA,2024-08-20,2026-05-23 08:26:00,Active
118,USR0118,3,Ananya Patel,ananya.patel118@projectflow.com,Developer,2024-06-06,2026-04-07 19:32:00,Active
119,USR0119,3,Aditya Sharma,aditya.sharma119@projectflow.com,Developer,2024-10-22,2026-03-26 16:17:00,Active
120,USR0120,3,Samir Shah,samir.shah120@projectflow.com,Developer,2025-01-14,2026-06-16 04:28:00,Active
121,USR0121,3,Priya Singh,priya.singh121@projectflow.com,Developer,2024-12-27,2026-04-15 10:55:00,Active
122,USR0122,3,Rahul Verma,rahul.verma122@projectflow.com,Developer,2024-10-20,2026-01-11 23:30:00,Active
123,USR0123,3,Sneha Mehta,sneha.mehta123@projectflow.com,QA,2024-06-09,2026-04-02 04:32:00,Inactive
124,USR0124,4,Vivaan Mehta,vivaan.mehta124@projectflow.com,Project Manager,2024-10-03,2026-01-24 04:26:00,Active
125,USR0125,4,Aditya Sharma,aditya.sharma125@projectflow.com,Developer,2024-06-27,2026-03-20 22:25:00,Active
126,USR0126,4,Priya Shah,priya.shah126@projectflow.com,Designer,2024-08-25,2026-03-21 22:56:00,Active
127,USR0127,4,Kavya Sharma,kavya.sharma127@projectflow.com,Developer,2024-06-12,2026-06-22 09:14:00,Active
128,USR0128,4,Sneha Sharma,sneha.sharma128@projectflow.com,Designer,2024-04-04,2026-04-06 22:19:00,Active
129,USR0129,4,Aarav Singh,aarav.singh129@projectflow.com,Designer,2024-07-12,2026-03-12 13:09:00,Active
130,USR0130,4,Sneha Verma,sneha.verma130@projectflow.com,Developer,2024-05-15,2026-02-06 02:39:00,Active
131,USR0131,4,Neha Shah,neha.shah131@projectflow.com,Developer,2024-12-07,2026-02-08 14:40:00,Active
132,USR0132,4,Samir Shah,samir.shah132@projectflow.com,Owner,2024-10-08,2026-03-22 17:10:00,Active
133,USR0133,4,Priya Verma,priya.verma133@projectflow.com,Developer,2024-09-17,2026-06-09 14:54:00,Active
134,USR0134,4,Sneha Mehta,sneha.mehta134@projectflow.com,Project Manager,2024-08-26,2026-05-12 18:18:00,Inactive
135,USR0135,4,Samir Sharma,samir.sharma135@projectflow.com,QA,2024-09-02,2026-03-01 18:55:00,Active
136,USR0136,4,Aarav Verma,aarav.verma136@projectflow.com,Designer,2024-07-08,2026-07-26 07:38:00,Active
137,USR0137,4,Rahul Shah,rahul.shah137@projectflow.com,Developer,2024-06-20,2026-06-25 23:49:00,Active
138,USR0138,4,Aditya Shah,aditya.shah138@projectflow.com,Project Manager,2024-03-04,2026-03-26 14:02:00,Active
139,USR0139,4,Aditya Sharma,aditya.sharma139@projectflow.com,QA,2024-07-29,2026-06-14 05:12:00,Active
140,USR0140,4,Kavya Singh,kavya.singh140@projectflow.com,Developer,2024-07-01,2026-07-06 08:58:00,Active
141,USR0141,4,Ananya Singh,ananya.singh141@projectflow.com,Designer,2024-08-04,2026-07-04 14:04:00,Active
142,USR0142,4,Rahul Shah,rahul.shah142@projectflow.com,Developer,2024-09-03,2026-07-26 17:23:00,Active
143,USR0143,4,Sneha Sharma,sneha.sharma143@projectflow.com,Developer,2024-04-16,2026-04-12 21:47:00,Active
144,USR0144,4,Neha Mehta,neha.mehta144@projectflow.com,Designer,2024-08-21,2026-01-22 07:30:00,Active
145,USR0145,4,Kavya Singh,kavya.singh145@projectflow.com,QA,2024-06-05,2026-06-03 20:52:00,Active
146,USR0146,4,Samir Shah,samir.shah146@projectflow.com,Developer,2024-04-24,2026-01-02 09:31:00,Active
147,USR0147,4,Rahul Verma,rahul.verma147@projectflow.com,Developer,2024-10-02,2026-03-22 23:44:00,Active
148,USR0148,4,Sneha Verma,sneha.verma148@projectflow.com,Designer,2024-05-02,2026-04-21 03:53:00,Active
149,USR0149,4,Sneha Singh,sneha.singh149@projectflow.com,Project Manager,2024-08-20,2026-02-15 14:15:00,Active
150,USR0150,4,Vivaan Shah,vivaan.shah150@projectflow.com,Developer,2024-08-14,2026-01-13 08:12:00,Inactive
151,USR0151,4,Ananya Sharma,ananya.sharma151@projectflow.com,Developer,2024-02-23,2026-01-26 10:15:00,Inactive
152,USR0152,4,Neha Patel,neha.patel152@projectflow.com,Project Manager,2024-11-22,2026-02-19 06:52:00,Active
153,USR0153,4,Priya Patel,priya.patel153@projectflow.com,Designer,2024-02-14,2026-03-28 04:08:00,Active
154,USR0154,4,Aditya Sharma,aditya.sharma154@projectflow.com,Developer,2024-02-26,2026-02-01 11:50:00,Active
155,USR0155,4,Neha Singh,neha.singh155@projectflow.com,Owner,2024-06-27,2026-01-05 23:26:00,Active
156,USR0156,4,Vivaan Mehta,vivaan.mehta156@projectflow.com,Developer,2024-08-16,2026-05-19 03:28:00,Active
157,USR0157,4,Neha Sharma,neha.sharma157@projectflow.com,Developer,2024-11-05,2026-03-15 20:01:00,Active
158,USR0158,4,Ananya Mehta,ananya.mehta158@projectflow.com,Developer,2024-04-08,2026-04-23 14:04:00,Active
159,USR0159,4,Priya Verma,priya.verma159@projectflow.com,Developer,2024-04-17,2026-03-20 20:37:00,Active
160,USR0160,4,Priya Mehta,priya.mehta160@projectflow.com,QA,2024-11-10,2026-03-15 16:38:00,Active
161,USR0161,4,Vivaan Shah,vivaan.shah161@projectflow.com,Developer,2024-11-21,2026-06-28 06:27:00,Active
162,USR0162,4,Rahul Mehta,rahul.mehta162@projectflow.com,Developer,2024-10-02,2026-04-14 23:06:00,Active
163,USR0163,4,Priya Shah,priya.shah163@projectflow.com,Developer,2024-05-01,2026-06-16 02:05:00,Active
164,USR0164,4,Vivaan Mehta,vivaan.mehta164@projectflow.com,Project Manager,2024-08-21,2026-07-05 17:03:00,Active
165,USR0165,5,Kavya Singh,kavya.singh165@projectflow.com,Developer,2024-10-24,2026-03-28 21:48:00,Active
166,USR0166,5,Aarav Singh,aarav.singh166@projectflow.com,Developer,2024-09-24,2026-01-19 16:13:00,Active
167,USR0167,5,Ananya Patel,ananya.patel167@projectflow.com,Designer,2024-09-23,2026-07-18 11:07:00,Active
168,USR0168,5,Neha Patel,neha.patel168@projectflow.com,Designer,2025-01-09,2026-07-27 19:39:00,Active
169,USR0169,5,Kavya Sharma,kavya.sharma169@projectflow.com,Developer,2024-08-11,2026-01-06 08:44:00,Active
170,USR0170,5,Priya Singh,priya.singh170@projectflow.com,Owner,2024-06-09,2026-05-22 12:04:00,Active
171,USR0171,5,Aarav Sharma,aarav.sharma171@projectflow.com,Designer,2024-07-16,2026-04-14 14:21:00,Active
172,USR0172,5,Samir Shah,samir.shah172@projectflow.com,Developer,2025-01-12,2026-05-03 01:09:00,Active
173,USR0173,5,Neha Sharma,neha.sharma173@projectflow.com,Developer,2024-08-14,2026-04-22 13:31:00,Active
174,USR0174,5,Sneha Singh,sneha.singh174@projectflow.com,Developer,2024-12-15,2026-01-12 13:07:00,Active
175,USR0175,5,Neha Mehta,neha.mehta175@projectflow.com,Developer,2024-09-01,2026-01-08 12:38:00,Active
176,USR0176,5,Rahul Singh,rahul.singh176@projectflow.com,QA,2024-06-06,2026-07-09 09:20:00,Active
177,USR0177,5,Ananya Shah,ananya.shah177@projectflow.com,Developer,2024-06-02,2026-04-18 22:14:00,Active
178,USR0178,5,Priya Sharma,priya.sharma178@projectflow.com,Developer,2024-04-18,2026-04-01 14:58:00,Active
179,USR0179,5,Priya Verma,priya.verma179@projectflow.com,Developer,2024-10-21,2026-06-21 13:18:00,Active
180,USR0180,5,Aarav Singh,aarav.singh180@projectflow.com,Developer,2024-11-18,2026-07-23 11:05:00,Active
181,USR0181,5,Vivaan Patel,vivaan.patel181@projectflow.com,Developer,2024-10-19,2026-05-03 12:55:00,Active
182,USR0182,5,Priya Patel,priya.patel182@projectflow.com,Developer,2024-06-22,2026-01-17 20:07:00,Active
183,USR0183,5,Rahul Singh,rahul.singh183@projectflow.com,Developer,2024-06-11,2026-02-04 04:16:00,Active
184,USR0184,5,Neha Patel,neha.patel184@projectflow.com,Designer,2024-05-05,2026-02-25 20:31:00,Active
185,USR0185,5,Neha Verma,neha.verma185@projectflow.com,Developer,2025-01-11,2026-06-21 19:20:00,Active
186,USR0186,5,Priya Patel,priya.patel186@projectflow.com,Developer,2024-11-23,2026-04-21 09:50:00,Active
187,USR0187,5,Aarav Singh,aarav.singh187@projectflow.com,Developer,2024-09-02,2026-04-15 01:03:00,Active
188,USR0188,5,Samir Sharma,samir.sharma188@projectflow.com,Developer,2024-05-13,2026-05-20 16:24:00,Active
189,USR0189,5,Kavya Shah,kavya.shah189@projectflow.com,QA,2024-11-13,2026-07-19 20:12:00,Active
190,USR0190,5,Ananya Verma,ananya.verma190@projectflow.com,Developer,2024-04-28,2026-04-04 10:45:00,Active
191,USR0191,5,Aditya Sharma,aditya.sharma191@projectflow.com,Developer,2024-11-07,2026-04-17 16:39:00,Active
192,USR0192,5,Priya Singh,priya.singh192@projectflow.com,Developer,2024-09-17,2026-06-20 01:50:00,Active
193,USR0193,5,Priya Sharma,priya.sharma193@projectflow.com,Developer,2025-01-07,2026-06-13 09:16:00,Active
194,USR0194,5,Neha Patel,neha.patel194@projectflow.com,Developer,2025-01-20,2026-06-05 11:19:00,Inactive
195,USR0195,5,Sneha Patel,sneha.patel195@projectflow.com,Developer,2024-05-10,2026-03-18 12:41:00,Active
196,USR0196,5,Aditya Shah,aditya.shah196@projectflow.com,Developer,2024-12-22,2026-01-21 21:27:00,Active
197,USR0197,5,Aarav Singh,aarav.singh197@projectflow.com,Developer,2024-07-15,2026-03-25 15:12:00,Active
198,USR0198,5,Aditya Patel,aditya.patel198@projectflow.com,Project Manager,2024-05-18,2026-05-25 17:53:00,Active
199,USR0199,5,Kavya Sharma,kavya.sharma199@projectflow.com,Developer,2024-06-03,2026-05-13 04:10:00,Active
200,USR0200,5,Neha Patel,neha.patel200@projectflow.com,Developer,2024-04-19,2026-04-12 21:46:00,Active
201,USR0201,5,Ananya Verma,ananya.verma201@projectflow.com,Developer,2024-11-12,2026-02-18 07:19:00,Inactive
202,USR0202,5,Ananya Patel,ananya.patel202@projectflow.com,Developer,2025-01-14,2026-04-15 09:49:00,Active
203,USR0203,5,Kavya Mehta,kavya.mehta203@projectflow.com,QA,2024-07-08,2026-07-20 04:55:00,Active
204,USR0204,5,Ananya Singh,ananya.singh204@projectflow.com,Developer,2024-05-19,2026-06-28 16:54:00,Active
205,USR0205,5,Vivaan Patel,vivaan.patel205@projectflow.com,Developer,2024-12-15,2026-02-27 13:05:00,Active
206,USR0206,5,Rahul Mehta,rahul.mehta206@projectflow.com,QA,2024-04-10,2026-04-02 12:32:00,Active
207,USR0207,5,Sneha Sharma,sneha.sharma207@projectflow.com,Developer,2024-04-11,2026-03-04 22:41:00,Active
208,USR0208,5,Aditya Patel,aditya.patel208@projectflow.com,Project Manager,2024-11-24,2026-06-27 04:48:00,Active
209,USR0209,5,Ananya Verma,ananya.verma209@projectflow.com,Owner,2024-05-07,2026-01-09 06:53:00,Active
210,USR0210,5,Neha Verma,neha.verma210@projectflow.com,Developer,2024-08-22,2026-02-10 03:03:00,Active
211,USR0211,5,Neha Mehta,neha.mehta211@projectflow.com,Project Manager,2024-12-08,2026-05-18 00:40:00,Active
212,USR0212,5,Rahul Shah,rahul.shah212@projectflow.com,Developer,2024-11-02,2026-01-20 11:15:00,Active
213,USR0213,5,Aditya Shah,aditya.shah213@projectflow.com,Developer,2024-12-21,2026-03-03 16:34:00,Active
214,USR0214,5,Kavya Verma,kavya.verma214@projectflow.com,Owner,2024-11-23,2026-01-21 12:23:00,Active
215,USR0215,5,Aarav Singh,aarav.singh215@projectflow.com,Designer,2024-09-20,2026-02-24 21:40:00,Active
216,USR0216,5,Neha Shah,neha.shah216@projectflow.com,Designer,2024-06-04,2026-01-12 17:21:00,Active
217,USR0217,5,Aditya Shah,aditya.shah217@projectflow.com,Developer,2024-11-28,2026-06-06 04:04:00,Active
218,USR0218,5,Ananya Sharma,ananya.sharma218@projectflow.com,Developer,2024-04-19,2026-07-07 01:20:00,Active
219,USR0219,5,Kavya Mehta,kavya.mehta219@projectflow.com,QA,2024-12-31,2026-04-09 01:48:00,Active
220,USR0220,6,Priya Sharma,priya.sharma220@projectflow.com,Designer,2024-05-11,2026-03-04 11:27:00,Active
221,USR0221,6,Ananya Mehta,ananya.mehta221@projectflow.com,Developer,2024-02-27,2026-04-23 15:23:00,Active
222,USR0222,6,Kavya Singh,kavya.singh222@projectflow.com,Designer,2024-06-28,2026-01-14 19:52:00,Active
223,USR0223,6,Samir Singh,samir.singh223@projectflow.com,Project Manager,2024-05-09,2026-06-10 09:28:00,Active
224,USR0224,6,Sneha Patel,sneha.patel224@projectflow.com,Developer,2024-05-21,2026-04-02 23:55:00,Active
225,USR0225,6,Neha Mehta,neha.mehta225@projectflow.com,Developer,2023-12-23,2026-01-22 20:25:00,Active
226,USR0226,6,Aditya Sharma,aditya.sharma226@projectflow.com,Developer,2024-07-05,2026-01-05 02:15:00,Active
227,USR0227,6,Priya Singh,priya.singh227@projectflow.com,Developer,2024-09-09,2026-01-20 04:43:00,Active
228,USR0228,6,Priya Singh,priya.singh228@projectflow.com,Developer,2024-01-02,2026-05-05 16:23:00,Active
229,USR0229,6,Samir Patel,samir.patel229@projectflow.com,QA,2023-12-07,2026-06-06 15:33:00,Active
230,USR0230,6,Kavya Sharma,kavya.sharma230@projectflow.com,Developer,2024-04-05,2026-06-15 06:39:00,Active
231,USR0231,6,Ananya Patel,ananya.patel231@projectflow.com,Project Manager,2023-12-31,2026-04-06 22:28:00,Inactive
232,USR0232,6,Priya Shah,priya.shah232@projectflow.com,Developer,2023-12-27,2026-05-18 09:57:00,Active
233,USR0233,6,Aditya Shah,aditya.shah233@projectflow.com,Developer,2024-02-21,2026-07-12 16:14:00,Active
234,USR0234,6,Rahul Patel,rahul.patel234@projectflow.com,Developer,2024-08-02,2026-01-12 17:36:00,Active
235,USR0235,6,Kavya Patel,kavya.patel235@projectflow.com,Developer,2024-01-07,2026-01-10 12:45:00,Active
236,USR0236,6,Kavya Mehta,kavya.mehta236@projectflow.com,Designer,2024-09-13,2026-01-05 10:41:00,Active
237,USR0237,6,Ananya Shah,ananya.shah237@projectflow.com,Developer,2024-01-28,2026-07-25 17:40:00,Active
238,USR0238,6,Aditya Mehta,aditya.mehta238@projectflow.com,Developer,2023-12-22,2026-07-04 16:09:00,Active
239,USR0239,6,Aditya Singh,aditya.singh239@projectflow.com,QA,2024-03-18,2026-03-17 09:54:00,Active
240,USR0240,6,Rahul Shah,rahul.shah240@projectflow.com,QA,2024-04-12,2026-02-21 09:39:00,Active
241,USR0241,6,Kavya Shah,kavya.shah241@projectflow.com,Developer,2024-09-16,2026-02-06 21:39:00,Active
242,USR0242,6,Neha Singh,neha.singh242@projectflow.com,Designer,2024-09-07,2026-01-27 00:05:00,Active
243,USR0243,6,Neha Singh,neha.singh243@projectflow.com,Developer,2024-09-11,2026-04-20 20:01:00,Active
244,USR0244,6,Kavya Singh,kavya.singh244@projectflow.com,Developer,2024-04-26,2026-04-08 21:25:00,Active
245,USR0245,6,Vivaan Shah,vivaan.shah245@projectflow.com,Project Manager,2024-07-06,2026-04-16 14:13:00,Active
246,USR0246,6,Aditya Singh,aditya.singh246@projectflow.com,Designer,2024-05-05,2026-06-28 11:25:00,Active
247,USR0247,6,Priya Verma,priya.verma247@projectflow.com,Developer,2024-05-05,2026-02-15 03:17:00,Active
248,USR0248,6,Aditya Sharma,aditya.sharma248@projectflow.com,Project Manager,2024-06-07,2026-07-20 13:15:00,Inactive
249,USR0249,6,Aditya Singh,aditya.singh249@projectflow.com,QA,2024-05-02,2026-02-25 05:31:00,Inactive
250,USR0250,6,Ananya Mehta,ananya.mehta250@projectflow.com,Designer,2024-08-04,2026-01-03 12:32:00,Active
251,USR0251,6,Rahul Patel,rahul.patel251@projectflow.com,Developer,2023-12-18,2026-01-10 15:38:00,Active
252,USR0252,6,Ananya Singh,ananya.singh252@projectflow.com,Developer,2024-01-18,2026-04-05 08:46:00,Active
253,USR0253,6,Sneha Singh,sneha.singh253@projectflow.com,Project Manager,2023-12-20,2026-05-18 06:23:00,Active
254,USR0254,6,Vivaan Mehta,vivaan.mehta254@projectflow.com,Developer,2024-08-31,2026-03-27 19:43:00,Active
255,USR0255,6,Aditya Sharma,aditya.sharma255@projectflow.com,Developer,2024-05-15,2026-05-12 04:12:00,Active
256,USR0256,6,Sneha Verma,sneha.verma256@projectflow.com,Project Manager,2023-12-13,2026-02-23 10:51:00,Active
257,USR0257,6,Ananya Patel,ananya.patel257@projectflow.com,Developer,2024-08-13,2026-02-11 19:20:00,Active
258,USR0258,7,Samir Verma,samir.verma258@projectflow.com,Developer,2024-12-02,2026-05-16 22:36:00,Active
259,USR0259,7,Aarav Singh,aarav.singh259@projectflow.com,Developer,2024-05-12,2026-04-19 09:50:00,Active
260,USR0260,7,Aarav Verma,aarav.verma260@projectflow.com,Developer,2025-01-07,2026-05-08 23:03:00,Active
261,USR0261,7,Aditya Verma,aditya.verma261@projectflow.com,Developer,2024-09-27,2026-02-27 21:15:00,Active
262,USR0262,7,Vivaan Patel,vivaan.patel262@projectflow.com,Owner,2024-08-24,2026-04-05 13:44:00,Active
263,USR0263,7,Kavya Verma,kavya.verma263@projectflow.com,QA,2024-04-17,2026-06-05 16:13:00,Active
264,USR0264,7,Ananya Verma,ananya.verma264@projectflow.com,Developer,2024-06-13,2026-04-18 10:34:00,Active
265,USR0265,7,Samir Verma,samir.verma265@projectflow.com,Developer,2024-07-21,2026-03-18 09:14:00,Active
266,USR0266,7,Samir Singh,samir.singh266@projectflow.com,Developer,2024-11-22,2026-03-16 11:35:00,Active
267,USR0267,7,Samir Singh,samir.singh267@projectflow.com,Project Manager,2024-12-20,2026-04-13 11:49:00,Active
268,USR0268,7,Samir Sharma,samir.sharma268@projectflow.com,Developer,2024-04-26,2026-03-15 20:16:00,Active
269,USR0269,7,Rahul Patel,rahul.patel269@projectflow.com,Designer,2024-08-02,2026-05-23 08:08:00,Active
270,USR0270,7,Neha Patel,neha.patel270@projectflow.com,Developer,2024-12-13,2026-02-21 07:03:00,Active
271,USR0271,7,Priya Shah,priya.shah271@projectflow.com,Developer,2024-05-26,2026-01-18 05:26:00,Active
272,USR0272,7,Ananya Mehta,ananya.mehta272@projectflow.com,Developer,2024-08-11,2026-03-10 20:03:00,Active
273,USR0273,7,Vivaan Shah,vivaan.shah273@projectflow.com,Developer,2024-12-15,2026-06-24 01:58:00,Active
274,USR0274,7,Sneha Patel,sneha.patel274@projectflow.com,QA,2024-04-04,2026-07-13 15:11:00,Active
275,USR0275,7,Samir Sharma,samir.sharma275@projectflow.com,Owner,2025-01-01,2026-05-04 10:18:00,Active
276,USR0276,7,Kavya Verma,kavya.verma276@projectflow.com,Developer,2024-05-24,2026-07-17 14:17:00,Active
277,USR0277,7,Vivaan Singh,vivaan.singh277@projectflow.com,Developer,2024-11-06,2026-06-09 22:11:00,Active
278,USR0278,7,Priya Singh,priya.singh278@projectflow.com,Developer,2024-06-23,2026-02-20 20:57:00,Active
279,USR0279,7,Sneha Verma,sneha.verma279@projectflow.com,Developer,2024-10-08,2026-06-04 05:08:00,Active
280,USR0280,7,Rahul Sharma,rahul.sharma280@projectflow.com,Developer,2024-07-15,2026-04-25 08:21:00,Active
281,USR0281,7,Neha Sharma,neha.sharma281@projectflow.com,Developer,2024-09-17,2026-06-08 01:42:00,Active
282,USR0282,7,Samir Patel,samir.patel282@projectflow.com,Developer,2024-11-29,2026-06-25 09:44:00,Active
283,USR0283,7,Samir Singh,samir.singh283@projectflow.com,Developer,2024-07-07,2026-02-16 04:29:00,Active
284,USR0284,7,Neha Singh,neha.singh284@projectflow.com,Developer,2024-12-23,2026-04-25 17:51:00,Active
285,USR0285,7,Rahul Patel,rahul.patel285@projectflow.com,Developer,2024-04-27,2026-05-15 16:45:00,Active
286,USR0286,7,Neha Sharma,neha.sharma286@projectflow.com,Project Manager,2024-12-22,2026-05-07 18:34:00,Active
287,USR0287,7,Priya Verma,priya.verma287@projectflow.com,Developer,2024-06-30,2026-06-19 15:05:00,Active
288,USR0288,7,Ananya Sharma,ananya.sharma288@projectflow.com,Developer,2024-12-04,2026-04-15 18:03:00,Active
289,USR0289,7,Samir Shah,samir.shah289@projectflow.com,Owner,2024-07-25,2026-07-01 23:13:00,Active
290,USR0290,7,Aarav Mehta,aarav.mehta290@projectflow.com,Developer,2024-04-18,2026-05-02 02:59:00,Active
291,USR0291,7,Samir Mehta,samir.mehta291@projectflow.com,Developer,2024-05-25,2026-07-21 23:41:00,Inactive
292,USR0292,7,Priya Mehta,priya.mehta292@projectflow.com,Developer,2024-09-26,2026-04-03 21:42:00,Active
293,USR0293,7,Aditya Shah,aditya.shah293@projectflow.com,Designer,2024-05-16,2026-02-18 12:33:00,Active
294,USR0294,7,Rahul Sharma,rahul.sharma294@projectflow.com,Designer,2024-08-16,2026-04-22 23:34:00,Active
295,USR0295,7,Sneha Patel,sneha.patel295@projectflow.com,Developer,2024-09-10,2026-02-09 06:59:00,Active
296,USR0296,7,Vivaan Sharma,vivaan.sharma296@projectflow.com,Designer,2024-10-17,2026-05-25 00:15:00,Active
297,USR0297,7,Vivaan Verma,vivaan.verma297@projectflow.com,Project Manager,2024-04-10,2026-02-24 01:25:00,Active
298,USR0298,7,Kavya Patel,kavya.patel298@projectflow.com,Designer,2024-04-14,2026-02-17 09:14:00,Active
299,USR0299,7,Neha Singh,neha.singh299@projectflow.com,Developer,2024-08-28,2026-02-10 04:42:00,Active
300,USR0300,7,Sneha Singh,sneha.singh300@projectflow.com,Developer,2024-12-27,2026-05-24 05:40:00,Active
301,USR0301,7,Kavya Mehta,kavya.mehta301@projectflow.com,Project Manager,2024-09-09,2026-06-22 12:50:00,Active
302,USR0302,7,Sneha Mehta,sneha.mehta302@projectflow.com,Developer,2024-09-25,2026-02-25 17:30:00,Active
303,USR0303,7,Rahul Singh,rahul.singh303@projectflow.com,Designer,2024-05-29,2026-07-15 01:35:00,Active
304,USR0304,7,Sneha Verma,sneha.verma304@projectflow.com,Developer,2024-10-01,2026-02-09 06:21:00,Active
305,USR0305,7,Ananya Singh,ananya.singh305@projectflow.com,Project Manager,2024-06-22,2026-01-09 12:43:00,Active
306,USR0306,7,Aarav Sharma,aarav.sharma306@projectflow.com,Developer,2024-12-28,2026-02-16 06:55:00,Active
307,USR0307,7,Samir Sharma,samir.sharma307@projectflow.com,Developer,2024-06-22,2026-06-04 23:48:00,Active
308,USR0308,7,Rahul Shah,rahul.shah308@projectflow.com,Developer,2024-06-29,2026-04-08 17:20:00,Active
309,USR0309,7,Sneha Mehta,sneha.mehta309@projectflow.com,Developer,2024-09-16,2026-03-09 11:32:00,Active
310,USR0310,7,Ananya Sharma,ananya.sharma310@projectflow.com,Designer,2024-11-12,2026-07-27 10:58:00,Active
311,USR0311,7,Priya Mehta,priya.mehta311@projectflow.com,Project Manager,2024-07-08,2026-06-05 00:16:00,Active
312,USR0312,7,Neha Verma,neha.verma312@projectflow.com,Developer,2024-08-15,2026-02-07 10:14:00,Active
313,USR0313,7,Rahul Mehta,rahul.mehta313@projectflow.com,Developer,2024-09-05,2026-03-25 15:46:00,Active
314,USR0314,7,Ananya Mehta,ananya.mehta314@projectflow.com,Developer,2024-09-13,2026-02-05 23:34:00,Active
315,USR0315,7,Kavya Shah,kavya.shah315@projectflow.com,QA,2024-12-10,2026-01-27 02:52:00,Active
316,USR0316,7,Aarav Mehta,aarav.mehta316@projectflow.com,Developer,2024-07-13,2026-01-23 04:00:00,Active
317,USR0317,8,Priya Sharma,priya.sharma317@projectflow.com,Developer,2025-10-23,2026-06-16 00:00:00,Active
318,USR0318,8,Sneha Sharma,sneha.sharma318@projectflow.com,Owner,2025-07-08,2026-05-10 00:32:00,Active
319,USR0319,8,Sneha Patel,sneha.patel319@projectflow.com,Project Manager,2025-04-08,2026-05-05 07:12:00,Active
320,USR0320,8,Samir Singh,samir.singh320@projectflow.com,Developer,2025-09-09,2026-01-12 12:29:00,Active
321,USR0321,8,Rahul Singh,rahul.singh321@projectflow.com,Developer,2025-03-31,2026-06-28 20:48:00,Active
322,USR0322,8,Sneha Mehta,sneha.mehta322@projectflow.com,Developer,2025-10-19,2026-01-21 00:44:00,Active
323,USR0323,8,Ananya Mehta,ananya.mehta323@projectflow.com,Developer,2025-08-06,2026-05-28 03:57:00,Active
324,USR0324,8,Aarav Patel,aarav.patel324@projectflow.com,Developer,2025-12-05,2026-04-09 01:59:00,Active
325,USR0325,8,Samir Verma,samir.verma325@projectflow.com,Developer,2025-03-06,2026-02-28 10:01:00,Inactive
326,USR0326,8,Neha Patel,neha.patel326@projectflow.com,Designer,2025-09-09,2026-01-10 05:36:00,Active
327,USR0327,8,Sneha Shah,sneha.shah327@projectflow.com,QA,2025-08-06,2026-04-25 23:08:00,Active
328,USR0328,8,Vivaan Verma,vivaan.verma328@projectflow.com,Designer,2025-08-14,2026-01-04 13:14:00,Active
329,USR0329,8,Priya Verma,priya.verma329@projectflow.com,Designer,2025-09-09,2026-07-11 00:40:00,Active
330,USR0330,8,Ananya Mehta,ananya.mehta330@projectflow.com,Developer,2025-11-28,2026-04-14 05:43:00,Active
331,USR0331,8,Sneha Sharma,sneha.sharma331@projectflow.com,Designer,2025-07-19,2026-07-08 22:04:00,Active
332,USR0332,8,Aditya Mehta,aditya.mehta332@projectflow.com,Developer,2025-05-07,2026-06-13 10:23:00,Active
333,USR0333,8,Aarav Singh,aarav.singh333@projectflow.com,Developer,2025-07-06,2026-01-05 02:11:00,Active
334,USR0334,8,Kavya Verma,kavya.verma334@projectflow.com,Developer,2025-04-11,2026-01-03 11:35:00,Active
335,USR0335,8,Neha Singh,neha.singh335@projectflow.com,Designer,2025-02-24,2026-03-14 12:49:00,Active
336,USR0336,8,Kavya Patel,kavya.patel336@projectflow.com,Developer,2025-05-15,2026-06-13 05:08:00,Active
337,USR0337,8,Samir Mehta,samir.mehta337@projectflow.com,Developer,2025-05-14,2026-04-09 13:19:00,Active
338,USR0338,8,Vivaan Singh,vivaan.singh338@projectflow.com,Developer,2025-06-24,2026-06-21 15:38:00,Active
339,USR0339,8,Ananya Sharma,ananya.sharma339@projectflow.com,Developer,2025-02-21,2026-04-11 19:24:00,Active
340,USR0340,8,Priya Mehta,priya.mehta340@projectflow.com,Developer,2025-04-28,2026-03-11 19:44:00,Active
341,USR0341,8,Priya Patel,priya.patel341@projectflow.com,QA,2025-07-31,2026-03-24 22:40:00,Active
342,USR0342,8,Neha Patel,neha.patel342@projectflow.com,Developer,2025-07-11,2026-07-26 12:23:00,Active
343,USR0343,8,Neha Patel,neha.patel343@projectflow.com,Developer,2025-11-24,2026-02-22 17:01:00,Inactive
344,USR0344,8,Ananya Shah,ananya.shah344@projectflow.com,Developer,2025-07-17,2026-07-23 02:52:00,Active
345,USR0345,8,Sneha Shah,sneha.shah345@projectflow.com,Developer,2025-07-23,2026-02-09 21:09:00,Active
346,USR0346,8,Sneha Sharma,sneha.sharma346@projectflow.com,Developer,2025-10-21,2026-05-13 17:32:00,Active
347,USR0347,8,Sneha Verma,sneha.verma347@projectflow.com,Project Manager,2025-08-21,2026-06-26 17:38:00,Active
348,USR0348,8,Vivaan Sharma,vivaan.sharma348@projectflow.com,Designer,2025-08-18,2026-02-21 19:02:00,Active
349,USR0349,8,Sneha Singh,sneha.singh349@projectflow.com,QA,2025-09-26,2026-01-01 03:16:00,Active
350,USR0350,8,Kavya Verma,kavya.verma350@projectflow.com,Developer,2025-12-09,2026-02-15 11:25:00,Active
351,USR0351,8,Neha Shah,neha.shah351@projectflow.com,Developer,2025-08-13,2026-01-16 03:18:00,Active
352,USR0352,8,Vivaan Sharma,vivaan.sharma352@projectflow.com,Designer,2025-05-01,2026-03-10 10:29:00,Active
353,USR0353,8,Kavya Mehta,kavya.mehta353@projectflow.com,Developer,2025-04-08,2026-04-24 22:28:00,Active
354,USR0354,8,Samir Sharma,samir.sharma354@projectflow.com,Designer,2025-04-17,2026-01-28 10:41:00,Active
355,USR0355,8,Aditya Shah,aditya.shah355@projectflow.com,Developer,2025-05-18,2026-05-06 10:35:00,Active
356,USR0356,8,Ananya Patel,ananya.patel356@projectflow.com,Designer,2025-05-23,2026-02-21 21:27:00,Active
357,USR0357,8,Neha Patel,neha.patel357@projectflow.com,Developer,2025-09-25,2026-04-01 22:13:00,Active
358,USR0358,8,Vivaan Verma,vivaan.verma358@projectflow.com,Project Manager,2025-11-19,2026-02-12 10:12:00,Active
359,USR0359,8,Samir Shah,samir.shah359@projectflow.com,Designer,2025-11-15,2026-06-11 19:24:00,Active
360,USR0360,8,Neha Sharma,neha.sharma360@projectflow.com,Developer,2025-10-10,2026-05-06 21:45:00,Active
361,USR0361,8,Neha Verma,neha.verma361@projectflow.com,Project Manager,2025-04-27,2026-03-04 07:19:00,Active
362,USR0362,8,Priya Shah,priya.shah362@projectflow.com,Developer,2025-09-04,2026-04-20 04:36:00,Active
363,USR0363,8,Aditya Mehta,aditya.mehta363@projectflow.com,Developer,2025-05-17,2026-05-06 15:18:00,Active
364,USR0364,8,Priya Mehta,priya.mehta364@projectflow.com,Developer,2025-08-20,2026-01-16 04:12:00,Active
365,USR0365,8,Kavya Verma,kavya.verma365@projectflow.com,Developer,2025-09-15,2026-06-16 13:45:00,Active
366,USR0366,9,Aditya Sharma,aditya.sharma366@projectflow.com,Developer,2024-10-16,2026-03-02 08:14:00,Active
367,USR0367,9,Aditya Mehta,aditya.mehta367@projectflow.com,Developer,2025-03-06,2026-05-17 03:36:00,Active
368,USR0368,9,Kavya Singh,kavya.singh368@projectflow.com,Developer,2024-07-17,2026-07-24 14:34:00,Active
369,USR0369,9,Sneha Sharma,sneha.sharma369@projectflow.com,Designer,2024-10-30,2026-03-28 01:28:00,Active
370,USR0370,9,Vivaan Mehta,vivaan.mehta370@projectflow.com,Designer,2024-08-25,2026-07-26 07:13:00,Active
371,USR0371,9,Neha Shah,neha.shah371@projectflow.com,Developer,2025-01-31,2026-02-20 04:50:00,Active
372,USR0372,9,Rahul Sharma,rahul.sharma372@projectflow.com,Developer,2025-03-25,2026-03-20 17:10:00,Active
373,USR0373,9,Samir Singh,samir.singh373@projectflow.com,Developer,2025-03-16,2026-06-27 03:08:00,Inactive
374,USR0374,9,Sneha Sharma,sneha.sharma374@projectflow.com,QA,2024-08-29,2026-06-28 04:15:00,Active
375,USR0375,9,Priya Patel,priya.patel375@projectflow.com,Designer,2025-01-13,2026-04-05 18:40:00,Active
376,USR0376,9,Sneha Mehta,sneha.mehta376@projectflow.com,Developer,2024-08-12,2026-04-17 23:17:00,Active
377,USR0377,9,Priya Mehta,priya.mehta377@projectflow.com,QA,2024-12-10,2026-05-01 23:05:00,Active
378,USR0378,9,Ananya Shah,ananya.shah378@projectflow.com,Developer,2024-12-26,2026-07-03 17:25:00,Active
379,USR0379,9,Sneha Patel,sneha.patel379@projectflow.com,Developer,2024-12-08,2026-07-10 10:35:00,Active
380,USR0380,9,Neha Mehta,neha.mehta380@projectflow.com,Designer,2024-07-20,2026-01-04 20:50:00,Active
381,USR0381,9,Aarav Sharma,aarav.sharma381@projectflow.com,QA,2024-09-14,2026-04-15 00:27:00,Active
382,USR0382,9,Aditya Shah,aditya.shah382@projectflow.com,Developer,2024-11-13,2026-01-21 11:16:00,Active
383,USR0383,9,Aditya Sharma,aditya.sharma383@projectflow.com,Developer,2024-11-29,2026-06-23 07:27:00,Active
384,USR0384,9,Vivaan Sharma,vivaan.sharma384@projectflow.com,Developer,2024-08-04,2026-02-19 07:33:00,Active
385,USR0385,9,Aarav Sharma,aarav.sharma385@projectflow.com,Developer,2024-08-26,2026-07-14 22:08:00,Active
386,USR0386,9,Rahul Mehta,rahul.mehta386@projectflow.com,Project Manager,2024-08-17,2026-01-11 11:56:00,Active
387,USR0387,9,Sneha Patel,sneha.patel387@projectflow.com,Developer,2024-09-07,2026-01-17 18:00:00,Active
388,USR0388,9,Aditya Mehta,aditya.mehta388@projectflow.com,Developer,2024-10-13,2026-06-24 04:58:00,Active
389,USR0389,9,Ananya Patel,ananya.patel389@projectflow.com,Project Manager,2024-08-16,2026-02-25 03:37:00,Active
390,USR0390,9,Priya Mehta,priya.mehta390@projectflow.com,Developer,2024-09-05,2026-02-09 20:05:00,Active
391,USR0391,9,Neha Verma,neha.verma391@projectflow.com,Developer,2024-11-18,2026-07-23 00:54:00,Active
392,USR0392,9,Samir Patel,samir.patel392@projectflow.com,Developer,2025-03-13,2026-02-24 12:18:00,Active
393,USR0393,9,Rahul Mehta,rahul.mehta393@projectflow.com,Developer,2024-10-27,2026-04-21 19:04:00,Active
394,USR0394,9,Aarav Singh,aarav.singh394@projectflow.com,QA,2024-09-01,2026-04-28 18:26:00,Active
395,USR0395,9,Aditya Mehta,aditya.mehta395@projectflow.com,QA,2024-08-02,2026-01-19 02:00:00,Active
396,USR0396,9,Aarav Sharma,aarav.sharma396@projectflow.com,QA,2025-01-15,2026-05-10 20:45:00,Active
397,USR0397,9,Sneha Mehta,sneha.mehta397@projectflow.com,Developer,2024-08-07,2026-06-18 17:39:00,Active
398,USR0398,9,Vivaan Singh,vivaan.singh398@projectflow.com,Project Manager,2024-10-08,2026-07-05 17:20:00,Active
399,USR0399,9,Vivaan Singh,vivaan.singh399@projectflow.com,Developer,2024-10-26,2026-01-08 02:59:00,Active
400,USR0400,9,Ananya Verma,ananya.verma400@projectflow.com,Developer,2024-12-01,2026-06-24 21:47:00,Active
401,USR0401,9,Aarav Shah,aarav.shah401@projectflow.com,Developer,2024-07-01,2026-02-16 11:33:00,Active
402,USR0402,9,Samir Patel,samir.patel402@projectflow.com,Developer,2024-11-10,2026-06-04 00:21:00,Active
403,USR0403,9,Samir Verma,samir.verma403@projectflow.com,Project Manager,2025-04-17,2026-06-03 15:29:00,Active
404,USR0404,9,Aarav Mehta,aarav.mehta404@projectflow.com,Designer,2024-09-19,2026-03-06 08:49:00,Active
405,USR0405,9,Neha Shah,neha.shah405@projectflow.com,Developer,2024-10-20,2026-06-17 00:02:00,Active
406,USR0406,9,Aarav Patel,aarav.patel406@projectflow.com,Project Manager,2024-12-29,2026-04-05 05:59:00,Inactive
407,USR0407,9,Aarav Verma,aarav.verma407@projectflow.com,Designer,2025-01-26,2026-02-11 07:26:00,Active
408,USR0408,9,Priya Singh,priya.singh408@projectflow.com,Designer,2025-04-14,2026-03-04 16:43:00,Active
409,USR0409,9,Aditya Patel,aditya.patel409@projectflow.com,Designer,2024-07-19,2026-04-03 14:55:00,Active
410,USR0410,9,Samir Singh,samir.singh410@projectflow.com,Project Manager,2025-02-14,2026-01-12 06:18:00,Active
411,USR0411,9,Samir Shah,samir.shah411@projectflow.com,Developer,2025-02-18,2026-03-19 15:49:00,Active
412,USR0412,9,Kavya Patel,kavya.patel412@projectflow.com,Developer,2025-01-21,2026-01-08 17:22:00,Active
413,USR0413,9,Aarav Singh,aarav.singh413@projectflow.com,Owner,2025-01-04,2026-07-24 23:19:00,Active
414,USR0414,9,Kavya Patel,kavya.patel414@projectflow.com,Developer,2024-07-26,2026-02-23 08:05:00,Active
415,USR0415,9,Rahul Verma,rahul.verma415@projectflow.com,Developer,2025-01-02,2026-04-24 02:37:00,Active
416,USR0416,9,Aditya Shah,aditya.shah416@projectflow.com,Designer,2024-08-03,2026-05-19 01:27:00,Active
417,USR0417,10,Rahul Singh,rahul.singh417@projectflow.com,Developer,2024-02-22,2026-07-13 22:53:00,Active
418,USR0418,10,Priya Mehta,priya.mehta418@projectflow.com,Developer,2023-10-22,2026-02-05 18:06:00,Active
419,USR0419,10,Aditya Mehta,aditya.mehta419@projectflow.com,Developer,2024-04-09,2026-01-18 11:49:00,Active
420,USR0420,10,Samir Mehta,samir.mehta420@projectflow.com,Developer,2023-11-14,2026-01-06 21:19:00,Active
421,USR0421,10,Neha Sharma,neha.sharma421@projectflow.com,Developer,2024-02-28,2026-02-03 22:15:00,Inactive
422,USR0422,10,Sneha Verma,sneha.verma422@projectflow.com,Project Manager,2024-02-14,2026-03-27 05:01:00,Inactive
423,USR0423,10,Ananya Verma,ananya.verma423@projectflow.com,Designer,2024-01-19,2026-01-15 03:51:00,Active
424,USR0424,10,Vivaan Sharma,vivaan.sharma424@projectflow.com,Project Manager,2024-01-05,2026-02-07 12:23:00,Active
425,USR0425,10,Vivaan Verma,vivaan.verma425@projectflow.com,Developer,2023-10-22,2026-01-03 06:57:00,Active
426,USR0426,10,Aditya Sharma,aditya.sharma426@projectflow.com,QA,2024-03-01,2026-01-02 14:03:00,Active
427,USR0427,10,Neha Mehta,neha.mehta427@projectflow.com,Designer,2024-04-03,2026-04-01 12:43:00,Active
428,USR0428,10,Priya Patel,priya.patel428@projectflow.com,QA,2024-02-01,2026-03-15 04:02:00,Active
429,USR0429,10,Neha Patel,neha.patel429@projectflow.com,Developer,2024-05-26,2026-04-18 15:03:00,Active
430,USR0430,10,Sneha Patel,sneha.patel430@projectflow.com,Developer,2024-06-09,2026-02-21 17:50:00,Active
431,USR0431,10,Sneha Shah,sneha.shah431@projectflow.com,Developer,2024-06-18,2026-07-16 11:58:00,Active
432,USR0432,10,Priya Mehta,priya.mehta432@projectflow.com,Developer,2023-09-27,2026-03-20 07:01:00,Active
433,USR0433,10,Samir Sharma,samir.sharma433@projectflow.com,Designer,2024-05-12,2026-05-12 18:14:00,Inactive
434,USR0434,10,Vivaan Patel,vivaan.patel434@projectflow.com,Developer,2024-01-28,2026-05-27 23:03:00,Active
435,USR0435,10,Rahul Verma,rahul.verma435@projectflow.com,Designer,2024-03-30,2026-03-27 05:11:00,Active
436,USR0436,10,Priya Shah,priya.shah436@projectflow.com,Developer,2023-09-28,2026-06-23 11:36:00,Active
437,USR0437,10,Neha Patel,neha.patel437@projectflow.com,Designer,2024-05-23,2026-05-10 05:31:00,Active
438,USR0438,10,Aarav Patel,aarav.patel438@projectflow.com,Developer,2023-09-24,2026-05-16 00:21:00,Active
439,USR0439,10,Rahul Patel,rahul.patel439@projectflow.com,Developer,2023-12-13,2026-07-28 10:03:00,Active
440,USR0440,10,Neha Shah,neha.shah440@projectflow.com,QA,2023-11-09,2026-07-17 11:04:00,Active
441,USR0441,10,Sneha Verma,sneha.verma441@projectflow.com,Project Manager,2024-02-15,2026-03-05 05:46:00,Active
442,USR0442,10,Ananya Shah,ananya.shah442@projectflow.com,Developer,2024-06-27,2026-06-20 11:14:00,Active
443,USR0443,10,Aditya Mehta,aditya.mehta443@projectflow.com,Developer,2024-02-11,2026-02-06 23:00:00,Active
444,USR0444,10,Neha Mehta,neha.mehta444@projectflow.com,Designer,2024-06-30,2026-01-06 19:20:00,Active
